<?xml version="1.0" encoding="UTF-8"?>
<project-private xmlns="http://www.netbeans.org/ns/project-private/1">
    <editor-bookmarks xmlns="http://www.netbeans.org/ns/editor-bookmarks/2" lastBookmarkId="0"/>
    <open-files xmlns="http://www.netbeans.org/ns/projectui-open-files/2">
        <group>
            <file>file:/C:/Users/xvpow/Documents/NetBeansProjects/Ch16_20191021/src/ch16_20191021/CopyArray.java</file>
            <file>file:/C:/Users/xvpow/Documents/NetBeansProjects/Ch16_20191021/src/ch16_20191021/MyPrint.java</file>
            <file>file:/C:/Users/xvpow/Documents/NetBeansProjects/Ch16_20191021/src/ch16_20191021/Ch16_4.java</file>
            <file>file:/C:/Users/xvpow/Documents/NetBeansProjects/Ch16_20191021/src/ch16_20191021/Ch16_3.java</file>
            <file>file:/C:/Users/xvpow/Documents/NetBeansProjects/Ch16_20191021/src/ch16_20191021/Ch16_1.java</file>
            <file>file:/C:/Users/xvpow/Documents/NetBeansProjects/Ch16_20191021/src/ch16_20191021/Ch16_2.java</file>
        </group>
    </open-files>
</project-private>
