<?xml version="1.0" encoding="UTF-8"?>
<project-private xmlns="http://www.netbeans.org/ns/project-private/1">
    <editor-bookmarks xmlns="http://www.netbeans.org/ns/editor-bookmarks/2" lastBookmarkId="0"/>
    <open-files xmlns="http://www.netbeans.org/ns/projectui-open-files/2">
        <group>
            <file>file:/Users/shihhaochiu/NetBeansProjects/Ch20_20191030/src/ch20_20191030/Ch20_4.java</file>
            <file>file:/Users/shihhaochiu/NetBeansProjects/Ch20_20191030/src/ch20_20191030/Ch20_1.java</file>
            <file>file:/Users/shihhaochiu/NetBeansProjects/Ch20_20191030/src/ch20_20191030/Item.java</file>
            <file>file:/Users/shihhaochiu/NetBeansProjects/Ch20_20191030/src/ch20_20191030/Ch20_2.java</file>
            <file>file:/Users/shihhaochiu/NetBeansProjects/Ch20_20191030/src/ch20_20191030/Ch20_3.java</file>
        </group>
    </open-files>
</project-private>
