<?xml version="1.0" encoding="UTF-8"?>
<project-private xmlns="http://www.netbeans.org/ns/project-private/1">
    <editor-bookmarks xmlns="http://www.netbeans.org/ns/editor-bookmarks/2" lastBookmarkId="0"/>
    <open-files xmlns="http://www.netbeans.org/ns/projectui-open-files/2">
        <group>
            <file>file:/C:/Users/xvpow/Documents/NetBeansProjects/Ch9_20191004/src/ch9_20191004/Ch9_2.java</file>
            <file>file:/C:/Users/xvpow/Documents/NetBeansProjects/Ch9_20191004/src/ch9_20191004/TestClass1.java</file>
            <file>file:/C:/Users/xvpow/Documents/NetBeansProjects/Ch9_20191004/src/ch9_20191004/testP1/TestClass2.java</file>
            <file>file:/C:/Users/xvpow/Documents/NetBeansProjects/Ch9_20191004/src/ch9_20191004/Student.java</file>
            <file>file:/C:/Users/xvpow/Documents/NetBeansProjects/Ch9_20191004/src/ch9_20191004/Ch9_4.java</file>
            <file>file:/C:/Users/xvpow/Documents/NetBeansProjects/Ch9_20191004/src/ch9_20191004/testP1/Ch9_3.java</file>
        </group>
    </open-files>
</project-private>
