<?xml version="1.0" encoding="UTF-8"?>
<project-private xmlns="http://www.netbeans.org/ns/project-private/1">
    <editor-bookmarks xmlns="http://www.netbeans.org/ns/editor-bookmarks/2" lastBookmarkId="0"/>
    <open-files xmlns="http://www.netbeans.org/ns/projectui-open-files/2">
        <group>
            <file>file:/C:/Users/xvpow/Documents/NetBeansProjects/Ch3_20190920/src/Ch3_5.java</file>
            <file>file:/C:/Users/xvpow/Documents/NetBeansProjects/Ch3_20190920/src/Ch3_2.java</file>
            <file>file:/C:/Users/xvpow/Documents/NetBeansProjects/Ch3_20190920/src/Ch3_4.java</file>
            <file>file:/C:/Users/xvpow/Documents/NetBeansProjects/Ch3_20190920/src/Ch3_3.java</file>
        </group>
    </open-files>
</project-private>
