<?xml version="1.0" encoding="UTF-8"?>
<project-private xmlns="http://www.netbeans.org/ns/project-private/1">
    <editor-bookmarks xmlns="http://www.netbeans.org/ns/editor-bookmarks/2" lastBookmarkId="0"/>
    <open-files xmlns="http://www.netbeans.org/ns/projectui-open-files/2">
        <group>
            <file>file:/Users/shihhaochiu/NetBeansProjects/Ch24_20191108/src/ch24_20191108/Ch24_1.java</file>
            <file>file:/Users/shihhaochiu/NetBeansProjects/Ch24_20191108/src/ch24_20191108/Ch24_4.java</file>
            <file>file:/Users/shihhaochiu/NetBeansProjects/Ch24_20191108/src/ch24_20191108/Ch24_3.java</file>
            <file>file:/Users/shihhaochiu/NetBeansProjects/Ch24_20191108/src/ch24_20191108/Student.java</file>
            <file>file:/Users/shihhaochiu/NetBeansProjects/Ch24_20191108/src/ch24_20191108/Ch24_5.java</file>
            <file>file:/Users/shihhaochiu/NetBeansProjects/Ch24_20191108/src/ch24_20191108/Ch24_6.java</file>
            <file>file:/Users/shihhaochiu/NetBeansProjects/Ch24_20191108/src/ch24_20191108/Ch24_2.java</file>
        </group>
    </open-files>
</project-private>
