<?xml version="1.0" encoding="UTF-8"?>
<project-private xmlns="http://www.netbeans.org/ns/project-private/1">
    <editor-bookmarks xmlns="http://www.netbeans.org/ns/editor-bookmarks/2" lastBookmarkId="0"/>
    <open-files xmlns="http://www.netbeans.org/ns/projectui-open-files/2">
        <group>
            <file>file:/C:/Users/xvpow/Documents/NetBeansProjects/Ch14_20191016/src/ch14_20191016/Test3.java</file>
            <file>file:/C:/Users/xvpow/Documents/NetBeansProjects/Ch14_20191016/src/ch14_20191016/Test4.java</file>
            <file>file:/C:/Users/xvpow/Documents/NetBeansProjects/Ch14_20191016/src/ch14_20191016/Test2.java</file>
            <file>file:/C:/Users/xvpow/Documents/NetBeansProjects/Ch14_20191016/src/ch14_20191016/Ch14_3.java</file>
            <file>file:/C:/Users/xvpow/Documents/NetBeansProjects/Ch14_20191016/src/ch14_20191016/Test5.java</file>
            <file>file:/C:/Users/xvpow/Documents/NetBeansProjects/Ch14_20191016/src/ch14_20191016/Ch14_1.java</file>
            <file>file:/C:/Users/xvpow/Documents/NetBeansProjects/Ch14_20191016/src/ch14_20191016/Test1.java</file>
        </group>
    </open-files>
</project-private>
