<?xml version="1.0" encoding="UTF-8"?>
<project-private xmlns="http://www.netbeans.org/ns/project-private/1">
    <editor-bookmarks xmlns="http://www.netbeans.org/ns/editor-bookmarks/2" lastBookmarkId="0"/>
    <open-files xmlns="http://www.netbeans.org/ns/projectui-open-files/2">
        <group>
            <file>file:/C:/Users/xvpow/Documents/NetBeansProjects/Ch19_20191026/src/ch19_20191026/Ch19_3.java</file>
            <file>file:/C:/Users/xvpow/Documents/NetBeansProjects/Ch19_20191026/src/ch19_20191026/Fruit.java</file>
            <file>file:/C:/Users/xvpow/Documents/NetBeansProjects/Ch19_20191026/src/ch19_20191026/Ch19_1.java</file>
            <file>file:/C:/Users/xvpow/Documents/NetBeansProjects/Ch19_20191026/src/ch19_20191026/Item.java</file>
            <file>file:/C:/Users/xvpow/Documents/NetBeansProjects/Ch19_20191026/src/ch19_20191026/Ch19_2.java</file>
            <file>file:/C:/Users/xvpow/Documents/NetBeansProjects/Ch19_20191026/src/ch19_20191026/Ch19_4.java</file>
        </group>
    </open-files>
</project-private>
